PC1,PC2,PC3,PC4,Cluster
1.3803827863658051,-0.3047268326009823,-0.2410617047352256,-1.415719322242498,2
1.438869644633092,0.537468225611225,0.0842323034016618,0.0309282106099314,2
1.5134525556437743,1.2325645334065751,0.985305935619878,-0.1685220812958878,2
-0.8251053991359073,1.210789618105239,0.2521406095207513,0.3392941097014847,1
0.8028971082483896,1.766045962118288,0.3126979999724018,-0.2349048595888407,2
0.8861654648503079,0.1298941789334645,0.0189497754773986,-0.7027221104716143,2
0.6032560203667761,-0.4615481240386487,-0.6731222244446782,-0.7217471792381679,0
1.1526487141521775,0.6076761527297397,0.3081279517863706,-0.1658604200069274,2
0.5300120664774196,-0.6301380623446862,-0.1070716063384505,-0.6844888363144636,2
2.19686557451763,0.3260495102954904,0.06994284177464,-0.1152215289291092,2
1.4396377890823076,0.5542031070288189,0.3156151727351328,0.864145163823827,2
-0.8444768181721615,-0.0220841715421637,-0.4509863573279243,-0.2349489501895215,1
1.8828558831190847,0.5323381981943739,-0.3181053447132883,-1.6766933162207016,2
1.3502890347643688,0.7078407147561535,-1.117364639136731,0.3619407125362905,2
1.8157121344384493,0.2750009375503205,-0.3945572103927425,-1.4975823947595897,2
-0.6306354677133039,-0.8084564410591975,-0.4717352888566739,-0.8781917725108039,0
1.9409723793867029,-1.6543031290006287,0.631395596039715,-0.7636640501047094,0
0.1385886593528614,0.5408411511000452,1.1246129715477842,-0.8548447401585124,2
1.1933295569349185,1.2220421581153966,0.0297178630127622,-0.3334857033513921,2
0.5464702992559822,-0.5447134562474507,-0.5265191093000776,-0.3477055950850364,0
0.5698299046383299,0.669507282847007,-0.0187047454375776,-0.7513204361817175,2
-1.5219215961763004,0.0762767889125969,0.143798498249085,0.4414522658690503,1
-0.0165729348224203,2.0892455505236103,0.1501258696413132,0.1638552525577862,2
2.7756830647787925,2.621672935749381,0.5238532408396023,-0.1806313847226779,2
1.7826587727362109,1.7063200694547338,0.1512901415911265,-0.311967575889271,2
0.5664784057970236,-1.6412264289553282,-2.101531587567477,-0.7069392851435691,0
-1.402122257081539,0.4592588459135769,0.1102496204952377,0.1216377869919581,1
-1.6468867167937242,-0.4352235082572095,-0.1774730260025527,-1.0725337405833264,1
2.894312876497601,0.6138545610827236,0.6480255615873204,-0.1696793333697961,2
-0.5712825184865793,0.6347323202138908,-0.740468330327504,-0.8408598554140586,2
0.9343577339784324,0.8382841822186736,0.0528330436021613,-0.7578158633330158,2
-0.0383050357755204,-0.062301197042173,0.5350981994370076,0.4087619494426468,2
-0.7197049307340071,-0.6751413502895997,-0.771842035289469,-1.380856439038282,0
-0.090455735723366,1.4913825318169929,-0.5011676367044682,0.296442606955163,2
-0.7111058902038457,-1.4640518526065636,0.4439513470551643,-0.2452501705092183,2
1.3193478630695068,-1.4003073405670308,0.313715945707665,0.6994633079933843,0
0.3653243721511443,1.460874928978772,0.2727800025384999,-0.8727030451153063,2
1.616716250627836,0.4905651873833124,-0.878307560439322,0.1427068703131111,2
2.426245486856893,-2.007789557634492,-0.6419523487114697,-1.7761438332526236,0
-2.3548141182509577,2.146169658657222,0.2303275899157277,-0.2082280657150499,2
0.2569922421132887,2.2425467183658885,0.4570405381477295,0.1907992576380276,2
0.5198432322952885,1.0613722477620855,0.0677791183448203,-0.4499714593574321,2
1.3830941762193198,-1.8729974107944776,-2.2295970347869174,-0.442471707966151,0
2.0465959558922626,-2.1465947117956863,-0.8879205685443334,1.3264702905936954,0
0.984735661613712,-1.285206352414629,-1.9114277221601177,0.0997134560143638,0
2.716748078104956,0.8927684012872991,0.5522395297984029,-0.0010531435848002,2
2.312255050582881,0.1096137695412881,0.1207742091956175,0.447386379360019,2
3.768865803960329,2.6096455802041,-0.5767149650690544,0.3458692459706433,2
1.465402595492103,0.0739915230582017,-0.2497908791015555,-0.7549796116788493,2
2.809985444718891,0.2637815300738697,-0.3525784091511162,0.4824791363639549,2
-1.0601692009648778,0.7397865367302302,0.7689877216868914,0.1567727714085934,1
0.5621876238123639,-1.4832469661488028,-0.3671221208436868,-0.5921775516385996,0
0.5975473250532487,0.4554417056742593,-0.6944728096964821,-1.2972144585769605,2
1.6803209282639626,-1.7921866315897588,0.0076928909179513,0.9739060100758524,0
-1.4159442548176515,1.0010847697296132,-0.0256324814511563,-0.5143771261321158,1
0.4573845842419386,-0.097881642299932,0.1678660328886896,-0.2025069009994902,2
3.022665358068742,0.4475802545299214,-0.2406255821355703,0.7640857233082767,2
2.136169310175508,-1.4913257720268631,-0.0297787697335398,-2.1027260948208664,0
-1.297809654411912,-0.3454111932730783,-0.3447037993599208,-0.8495079605277744,1
1.2983613908278249,-0.8323778187167269,0.2003844318466163,-1.561342463149335,2
0.7759495169384755,-1.7170177130317754,-1.0341332209261935,-1.3395146549948571,0
3.5787938021463623,1.5979068183956735,-1.1203777080523225,0.183839096002809,2
0.8840666716247354,0.6609199722937237,-0.2663383166333749,0.6452090705342088,2
1.9269682042364744,0.7347862776710246,-0.3963380035243715,0.4248671126652381,2
-0.5990409337379207,0.3338785241352638,0.3816092612330337,0.4813988741423291,2
3.965246611115627,-3.101851461555268,1.4696181438683444,-0.5864228095808292,0
0.4219564379848687,-5.091318627636229,0.7969899487039118,1.7460303936416843,0
1.4078587577119075,0.4227011593579721,-0.853812968397334,-0.2808448150094161,2
0.4155292478808089,0.9202648912296956,1.1299705332742105,0.8066601394178807,2
-1.07715331408282,-0.8743296530196794,-0.8701078194002155,-0.1701206520301709,1
-1.2893867055799342,1.554630318831957,0.1602043725733777,0.5869646992979765,2
1.052184013528022,2.027709916791184,0.8470816572972362,-0.1976315024057865,2
-0.3575332897150199,0.1242621352925627,-0.7148500609337363,1.6103394351929574,2
0.2075352055862946,1.231209402657893,-0.734939131923757,0.7991253134589896,2
1.0784129252504924,0.4218800202097171,0.1170089924519375,-0.2628919365160904,2
-6.087092664211507,1.193868184060442,1.1360210521758285,-0.7103011251495328,1
0.0414271631954528,-0.0395942163274467,0.9978114795358556,1.6809451578141217,2
2.491861854147293,0.1729690342632455,-0.7602954135636051,-0.2581019838674492,2
-1.626363584021906,-0.3343294064711026,-0.8200517142776674,0.2718491831714397,1
0.2340593608483119,-0.4930040787709168,0.9992056568257182,-0.1073951674513754,2
-0.9891553826731738,-0.8387164708149774,-0.0648268083422979,-0.8324980387607949,1
1.956638222061581,-2.733830097085282,0.1127679432425641,0.7675554517952528,0
1.615763397701627,0.3929379518464229,0.0657340693223899,-0.6959104811404228,2
-1.1703377785626223,0.6153423267394449,-0.3242752037017686,-0.2636738556517051,1
0.1517086789965427,-0.6767441910442354,-1.506856455987747,0.2295271942935698,0
4.2812527956480695,0.9022215129446652,-0.6551442271510871,-0.3015421531136037,2
3.522441856040816,0.6337944341131219,-1.2928626909481984,-0.2190945372586185,2
0.8605756836169155,2.659333368757537,0.5987679824720534,-0.4273012782434703,2
-2.216765310583804,-0.3495368561927151,-1.3823665576989923,1.655451757544965,1
-0.0382255385819753,1.5607003249369864,0.2166254072784637,-0.3245197353987097,2
-2.4856857273141286,0.1963731363489099,-0.1780634778011249,0.2044534456019987,1
-0.7079216240455138,1.2398160330760375,-0.0203776385870797,0.6826583251398056,2
3.2333110817370168,1.4061479797787595,0.1351726597821126,0.2799641417909754,2
-1.4504310129591738,2.299420715115442,0.7739781173560495,1.2271775959326368,2
1.6911485219569662,-1.344241037710909,-0.979995138153186,-0.633378632669578,0
0.2769161446015857,-3.5169127978163592,3.2942938983158983,1.622278811596224,0
1.070119076428825,-3.9233165857642,1.5119871710280532,0.8306232155271982,0
-3.3888659858173207,-2.619196391113191,0.5331154050013024,0.7121759305046411,1
-3.57132912326272,-2.26648566729662,0.8676355734987161,0.5071429298857524,1
-1.4543508415727555,0.4375540955694867,-0.4135599396427418,0.7527829076508117,1
1.7196274712950816,1.1711727710167588,0.0408206088807783,0.1536354921215574,2
2.124330833067574,-0.1596955808390762,0.6485346464969397,0.568087803229109,2
1.2029975800626993,0.191173508233703,0.3377312599337825,0.5885143777720723,2
0.2846900045494263,2.4879645725375585,-0.4928010570429441,0.5971068507260529,2
-0.323612626626545,0.0567793619449962,-0.5532588526425535,-0.2606385567300832,1
-1.199822911673924,0.3040126974316037,0.237111966241293,-0.9261090508855786,1
1.9080326135048056,-1.356275671343987,0.7626350207264059,-1.036735274165829,0
1.9432821334732029,0.6614344968061313,-0.3115696401199634,0.3173036170478772,2
1.370923528072668,-1.1345931297117893,0.6586212475912483,-0.6356056160605686,0
1.0432049685159204,-2.9367628359324778,-2.632887250575185,1.6805471413565327,0
-1.3808547570062797,0.7439113828251556,0.4890579099396431,-0.3545851620237938,1
2.0484058386007438,0.3294633463863374,-0.4023917914117172,-0.5063941945503592,2
-0.6868512146193548,1.78358963716072,0.3352339546989878,0.3079312905895074,2
-0.8643728712488848,0.9514695538720994,0.196112001282815,-0.1097579821420563,1
-1.7090096912686352,0.8213379739955835,0.2057238242108813,-0.3764701356398134,1
-1.4780008292563034,0.281091319387621,-0.120776370598164,0.075000104754254,1
-0.905224423031053,-0.2618922873515897,-0.7853416832388891,0.0700243179469867,1
-0.1379233406197972,0.3135032316300355,0.2551570128733688,-0.1080996047827485,2
-1.0792928434090443,1.0949041871713008,-0.2269685706734558,0.2350945486782602,1
-1.1266331871244062,0.4803411132567868,-0.0040272575873072,0.4162341906979306,1
-1.2653107581836591,0.7253925038095239,0.0513086440118403,-0.293833544111697,1
-1.1996117720961923,-0.3643615138504746,-0.1718407304953179,0.5842099578283446,1
-4.13043078279303,0.2586015610089496,0.7066096609268101,-0.6503980641831494,1
0.8053769475989171,-0.1744414002793348,-1.4682175247914029,0.6739573414249085,0
-0.9094487019129202,1.4797746460099843,-0.2108046092362399,-0.1531171074422187,2
-0.2221417824087679,2.1881223341105387,-1.0843277609658315,0.664515592310635,2
-1.4797962811910714,1.0105517417569785,-0.5216439842017466,0.6520277709217475,1
1.30691789182897,0.8194724905322374,-0.0981324539269792,-0.902760027448256,2
0.0894519456765126,-4.6532806665886906,-1.3468760713290169,1.2700806132341833,0
-1.4893435296503217,1.0607654855480144,-0.0558591281268035,-0.9711490777146198,1
-1.5408376574484264,0.7864857364052696,0.3394955237588674,0.5875986041648525,1
-2.9953613284647136,-1.5820685716637557,0.7092119637179041,-0.749499655550319,1
-0.659017783644215,-0.5037556300413288,-0.7564141670888297,-0.712127790343898,1
-1.682542183137585,-0.7625538281346493,-0.1645179195332744,-0.9486375028250096,1
-1.621878459835088,-0.3661225778161322,0.1922978321330543,-0.6404002134465546,1
-1.3848666203515958,-0.5176021645243686,-0.1881785444566166,-0.0902371905043034,1
1.0212625627586904,0.7465101513741315,0.2538957115882078,0.7481151826002054,2
0.2999280953504863,-1.79383728676296,-1.5074019368056049,0.6504040202558354,0
0.1733308204848672,-0.0598741685969222,0.6191388487923859,-2.075988650260884,1
0.0212493041621236,-0.1957523399333184,0.2148011484482228,-0.3837683523104599,2
0.4570297937164968,1.1328053428630094,0.1320063679136489,-0.3441300861113134,2
-0.0178336832220006,0.4700925206409532,-0.0993170980327454,-1.678398583628175,2
-1.6136638180208729,-0.8805198735402121,-3.442034099869096,1.2011912527933617,0
-1.749275418815364,0.5848480487251523,-0.4454561148381224,0.9448481320155906,1
-0.6005852445199226,-1.2373928284184887,-1.048285790962426,-1.6471862318704176,0
2.9268208030806617,-0.4223556893645757,-0.137692171044382,-2.717448628861693,0
-1.5033758070462044,-0.2578042887339409,0.095533568197522,-0.4698584821307976,1
-0.2926902584567993,-0.0779967824982953,-0.3547741797511776,-0.1443462335582089,1
-2.555614502775802,0.0427732874432218,0.1791278517426055,0.4560407677668569,1
-1.573822456997727,0.6050912845396612,0.0591132890700859,-1.3165366802633691,1
-1.295674414797731,0.2537793614268358,0.1109786826808035,-0.9367602714436584,1
-0.4772002747971008,-0.7169701048501046,1.4022316692767622,-0.4770282530659991,2
-1.3470217871074404,0.1056837030786354,-1.094192730722417,0.3378314477305805,1
0.0456039476888049,-0.0611443913796066,0.8088751485217608,-0.4582563622223224,2
-5.644452037992013,-4.418146790651506,-0.2120125570002116,-0.6412820917512231,1
2.59290709154819,-0.867851649564582,0.5389683462857783,-0.7304898181525149,0
1.908814126076828,-0.3656698431608388,0.6125550865416378,-0.95067785194957,0
-1.0749764861875066,0.4382167243623895,-0.6800433225865232,0.2272153555895407,1
1.4276091217788678,-0.1991785560387627,0.4611336650994639,-0.0681636089953707,0
1.9081800019102209,-2.140591999060638,0.2773742194163132,0.6322995023992324,0
1.4031308329024677,-0.4341038224252936,0.8169056198584671,-0.0495787487130859,0
-3.943556036175312,0.5785637942680549,1.378733833241414,-1.3088486295781083,1
-0.9585234957218643,0.5182194544501738,-0.3281661304795652,0.0288943670147437,1
2.424328685988736,0.0030555037749272,-0.91308029511949,0.8542534242272708,2
0.9395492149482664,-0.2730758365505436,-0.9006205741542138,0.8820928816060222,0
2.0830384074487007,1.3960676056891363,-0.3074965677331984,0.3774346349351291,2
1.567815619388793,0.3508889238883753,0.6448592191715566,-0.3997408858045565,2
0.1707869379320713,-0.982842147203486,0.2475115878568515,-0.5250222818339131,2
-2.5323392696406284,-0.3826561686867554,0.2840605462743477,-0.2087989830673113,1
-2.04105771263188,0.0653408192035756,0.5179076579476439,0.0763697614085816,1
1.7984244335912916,-1.7441231803779194,0.4503782974126289,1.3450851723038997,0
3.1873509416751635,-0.7601388520982615,2.088839118624388,0.3991548551103965,0
1.0721337623520304,-1.4732366760801865,0.5678262275408194,-0.1700733376066275,0
2.147856321518831,-1.2567611113436452,0.5259171739330362,0.8426871072542247,0
-0.753944343323184,-0.7987853946744703,1.9286669407640744,1.030257870226877,2
1.964717355419818,-1.577070213329235,0.5575767581519376,-1.7475792503391905,0
0.1971731221477327,1.101187639260814,-1.740059845216914,0.7726349452534828,2
-0.6988178603850663,1.1115751608601785,0.7475420172453665,-0.599199132087387,2
-0.3656623422090377,0.004890345877692,-0.4580404881384799,-0.2043266747153109,1
-0.4135764298031512,0.749117992123299,1.0294377897777838,0.5385684545208039,2
1.071015765291324,0.2450795298094573,0.2626996481988878,-1.2639607989865729,2
2.274984102435908,3.4460517005117173,-0.4741206339004247,0.2335353902106871,2
1.5683165622840856,-2.0726840967843296,-0.3356115155083558,0.6294672004422452,0
1.8333966815061111,4.2385468156695065,1.280387945221272,0.4946906782619539,2
-1.1220612285046463,-4.392765176629822,-0.8220642114375585,0.1294755829752416,0
-1.5243075210593129,0.0131624747225508,-0.3355061880160542,0.2467709949426301,1
-1.83913783382418,-0.1560963347647622,0.578081419873981,0.5322314726673203,1
0.2935891434071061,-1.832424916169314,-2.8948325537356947,2.8134292269626906,0
1.3488308263225497,0.1275956804238062,-0.9032687814057504,0.7062936666909698,0
2.0425562302772056,-1.145363093340109,1.0118581790455494,-0.3972747872447142,0
-1.4340297039981336,0.2795143778794778,-1.5716356764565456,1.20368883594391,1
-3.18582171948108,-1.0012380506153156,-0.9236526961045214,-0.3563592843093101,1
-1.2853783185490315,-0.8098065194549793,0.0254695514751486,-0.5858328610662825,1
1.6434848049256945,-1.7700998551654472,1.0565721612260386,1.1471492548248148,0
-1.0103189758252555,-0.1818485967316725,0.401301933589393,-0.6741258863703146,1
-0.1641819890617808,1.5954724455355922,0.0545452078366766,0.4732430986410546,2
0.1885494890517733,2.439066382141924,-0.0508918097771832,0.7360870294426692,2
1.498740573764232,-0.226622875191836,0.4298824900817764,0.1558945205775002,0
-0.3154546472465844,0.5627070117148688,-0.3275748889216826,0.3506597536235971,2
-0.910874981195793,-0.650744959737336,-0.4225530505549492,-0.698874931570185,1
2.226416239854785,0.1960311347258579,-0.3204436184897716,1.1889476946462894,2
2.5399214719106618,0.6367340435242519,-0.0719337955963374,0.801987085355431,2
0.7438719678215514,2.2098079965709023,0.5474259513808326,-0.2085249872793008,2
-1.4818779856520383,-3.2026929402383364,-0.8573046902094911,0.92027077286619,0
-2.0415038669833723,-0.2391619846092365,1.4567871931140572,-0.117573461441769,1
2.372536730391871,-0.889976792563053,0.144459055557126,0.6436017413177096,2
-2.0265501176781835,-0.771891247034679,-0.1520985780512444,-0.3330032642908286,1
0.5669482708799293,-0.845284851327418,-0.9415167201841989,1.3546981089340346,0
0.6821892536444315,-0.4909081710496179,0.4250425943522748,0.678514649137968,0
2.247526954357721,-0.241215016288232,-0.4895127753902828,0.0145830128053676,2
-1.2603770884378942,0.9203241743612288,0.4039667771757332,-0.7038367412187865,1
3.210278900324579,1.456383931399118,-0.3483985381749609,0.6060358596527312,2
-1.3039463163301932,0.2439975571338827,0.719589583686629,-0.5619851659773288,1
1.1497877528968643,-0.1059592985124744,0.2497219165352262,0.1631043164547115,2
1.5307257335724274,-0.6114651096837687,0.0550400635157106,0.2215219928376019,0
2.0610797974235324,0.1590313324929584,0.5248426468547838,0.1722260232321896,2
3.0008571214824835,-1.3224330005960772,-0.3355677878093934,-0.5691279313156246,0
-1.5236582448054337,0.8148862850614369,0.1206057331374438,-0.3333649372580891,1
2.333816229715854,-1.513297350608542,3.3022313494280016,1.4594977470198276,0
-2.7988741707703,-0.8643432011967407,-0.2746564704717363,0.5473884075288877,1
-2.2613395041834363,0.365029873950678,0.1476791494404219,-0.4752707603563368,1
1.4400869328794168,-1.7948553521895785,-0.8971500625597915,-1.1582601751659671,0
-1.4875294415925828,0.2765145489883759,-0.0744788789490659,1.1051947979077257,1
-0.1132381585394178,0.4840396025234123,0.6503719190544753,0.9232596514288266,2
-2.1877616876745223,-0.3927899014641343,0.382906542228815,-0.7116402310235885,1
-0.089721245748058,-0.0841404521645866,-0.2656712454997489,-0.7520337827092877,0
0.986103203006536,0.8640731444358131,-0.3932602425432476,-0.3297552545078467,2
-1.2024143529707292,-0.024275833573472,0.4052098743338004,0.2654651466118721,1
-1.5116076534103708,-1.517679482123215,-0.0554122865799666,0.2817958247036496,1
-0.6522670797252442,0.9155222104950692,0.0687884142192698,0.7002560893924805,2
0.349011605090249,1.5024274699574922,0.2086299558706339,0.6592596900895594,2
0.6577580831016857,-0.4800460112029783,0.0355701287563579,0.503853141084382,0
-0.7870895655870542,0.1798971283283353,-0.3784186994605051,-1.111498533128937,1
-0.8046251741068902,-2.7600847837331117,-1.6583494311513405,1.5269127792793191,0
-0.5163382503682187,1.3551259389597383,0.3982704943556212,-0.0468811243587141,2
0.1123761140632954,-0.9133586647175944,-0.0390464859493928,0.5494974104771878,0
-1.4495238120254963,-0.3157311040272547,-0.6184884435616508,0.3523616737609542,1
-2.2261251547968426,1.3137169886208382,0.3818028075151407,-0.1101697628696519,2
-3.0498451161208493,-0.7197651716142281,-0.1212988407210907,-0.2961024902570973,1
-0.3720907524801936,1.8002429464512413,-0.2660305141744847,-0.2049922380920429,2
-0.1767051369203272,1.9783675766108644,0.1323406048774827,0.5211032356110052,2
-0.9806919073996742,0.8180828034504701,-0.2451187553733132,-0.41004785475962,1
-1.420666178380408,0.5522686468185027,-0.4430529836437128,0.1527818423747788,1
0.5332703699634496,0.2267633278073683,0.2927233345541862,-1.0533540662750909,2
1.4395158848012002,0.3173591083517015,0.2118333554414886,-0.2063479344711913,2
2.0724337729999505,-0.6506145724070679,0.6040141147153261,-1.022197723479236,0
-0.9792177795535564,0.1173081882675168,-0.0810953279975098,-0.0732932685015071,1
-3.383226886783379,0.2516936908170094,0.3268829110916011,-0.4687772162973652,1
-0.2739225929110814,-0.130178110815557,-0.4656723272358967,-0.8715995596648957,0
-0.6845243830960558,0.3828381118665187,-0.6107712537204696,1.022201303193985,2
-1.1662275415953092,-0.2435504141019557,0.5331445319781991,0.1628333085357719,1
3.115423612108135,1.560769983131259,0.3063781067018486,0.8609637752715623,2
-0.8136732569308837,1.084329808172772,0.5822895164276544,0.6845868806699195,2
0.9266072585981122,0.4284657031028338,-0.4500149620126383,-1.3064059191611996,2
1.1069523133687142,1.5019380068704573,0.3732135496310422,0.2816011905298988,2
-2.461293344517293,0.7672154660743953,-0.3516156380617718,-0.2892360867868288,1
-0.0383445417203894,-0.5362810786644122,-0.599539603270728,-0.7253967920532762,0
-0.4088387659377718,0.6556550450356868,-0.0467550270643275,0.5463446690966364,2
-0.3895729978181862,2.1985337811522023,-0.0791789840588576,-0.2624963595062992,2
0.2335599345100778,1.2466765368543538,-1.0178652592792086,-0.2065072382296384,2
-0.1748242617642378,-0.6310123609985112,-0.2685056353543818,-1.0151387390280018,0
-2.577146247060141,0.3742086628311039,-0.1092220012643205,0.8114452356786453,1
-1.2897077891728423,0.1903176203845188,-0.4041390031234608,-0.810488325302651,1
-0.1336995449478038,-0.3860091458078151,-0.0287751260858784,1.2085143558379852,2
2.310120055702227,-1.9290744318792044,0.6425189877790576,-1.264346277645163,0
1.561910818717689,1.7293514046550025,0.5931972860854958,0.9915094696774568,2
2.21200535199221,-0.2360380713812907,1.2330643086146431,0.9843566288358712,2
-0.811813728495369,1.4534957189344395,0.4738841104410202,-0.3196400713060514,2
1.7896475729227104,0.0796234080799933,-0.8108830004731532,-0.1104076596341968,2
-2.6725131912598505,-0.2169323794515413,-0.6988137816827265,0.0843207387282281,1
-2.4382901478229506,-0.6592802872948599,-0.9360902328370247,1.3379110504386198,1
-0.7182099977953665,-0.1618728943473835,1.172342454859122,-0.1611478031050787,2
0.2671243214894971,-1.158492226340104,1.409951476685793,0.0751261845946416,2
-1.212705413937577,1.653454308640748,-0.0126337403697761,-0.2562425745945033,2
-0.5925492008549386,-1.0124590127862116,1.2436727876442613,-0.0261829332333386,2
-2.549659367652802,-1.4206969342380265,1.2334177977794838,0.1697492676637003,1
0.1031421139916571,1.6136683339453988,-0.0349614635194634,-0.0982614608671065,2
-2.3807105031825486,0.4162248131153124,-0.8097651066427781,1.588091271172592,1
-0.972330373300349,1.1298647470551668,0.2622502674875866,0.3526757427583841,1
1.2092158158396638,0.6833620609318208,-0.3015299673345948,-0.4656057843898409,2
-0.8031377302148865,-0.2464219908144686,0.7449997592078729,-0.2966553423817699,2
0.9829076847034032,0.5803974133075507,0.0548348296339296,-0.5588931705408416,2
-0.1140370401200372,1.7227051943168128,-0.6184755247506701,0.0395225416188258,2
-0.946269771216821,1.7513713623068252,-0.1192685480716544,0.4624105712137737,2
0.4182542673307336,2.2742535044485988,-0.5700125187075328,0.0993070336319623,2
-1.9075540728825195,-1.112724669847308,-2.675798942161064,0.0345265739843616,0
-1.0974790884675705,-0.7017773485685443,-0.9328624669841282,0.3782647113323724,1
-0.9669709917830022,1.248191730240629,-0.085854291465268,0.5919086641366597,1
-1.9434043397871887,-0.5052584014396823,-0.6844153445064403,-0.6001856014822499,1
-4.193785478776862,-0.8591759891195788,-1.999019245858332,-0.2080672931699748,1
-0.2009947708721313,-0.6170691234637095,0.8362828227675445,-0.6488502248076037,2
-0.7216028960453832,0.2333975426891609,0.1358613296394903,0.2713597108488607,1
-0.1004469144770982,0.2375181939354546,0.5138237083166746,0.747108966442714,2
1.7960881873334813,-0.3680328854190755,-0.2572831294090413,0.0987373353098844,2
-0.0039742398686921,0.5589637551875151,-0.0439119788044121,-0.9407829536702452,2
0.0018898934925292,-1.0750406469312157,-0.7833033765414439,-0.5206671833246603,0
-0.809274551814844,0.7299417694742713,-0.3081640025877917,-0.0433499035726053,1
0.5634082466400154,-0.1316240606628481,-0.5495804921258283,0.1105334265060571,0
1.160533684614191,-0.1003530380623314,-0.1786349260332239,-0.2257654489571306,2
-1.262207227880859,-2.4226703557147404,0.8713089756223489,-0.1070816110383341,1
0.9743553855270888,0.5327305259923193,-0.0987632255293235,-0.8191261855693689,2
1.9285547996869468,-0.5288187777781233,-1.3250768700446407,0.9059257746459382,0
1.388035146054807,-1.1260288409870374,-0.1887440197333375,-0.33817595382828,0
1.1438945154081852,-2.009002695093384,-1.4719850300276267,0.5201214007936866,0
2.635928617841988,-1.4286412489657196,1.6718186556142558,0.6580657379087709,0
1.5665991023573675,-2.023244376031315,0.3379764681264887,1.2342297328743936,0
2.239637262523793,0.4594891709320284,-0.170700316043747,0.2508131051227704,2
-0.7461411830975032,0.358710879561213,-0.1621977043977423,-0.6438223474375667,2
-1.1240661162112646,-0.7056096216106972,0.1442381826939155,-0.9405460299434468,1
2.2635723886102785,-0.6309981199778049,0.3530907966312255,0.9042211543682656,2
-1.2785561262463825,1.1256064854345131,0.366990234006757,1.029118369150228,2
-0.6716091265434624,0.1684997428803935,-1.7033758385981828,0.4392075525370832,2
1.54560409663498,-1.3158884010080345,-1.016629426487722,0.9902452571570884,0
-1.807340413164753,0.1989546727417104,-0.4127664920291016,0.5876705720786118,1
-0.034592643322759,0.320584326527416,0.0042930029077169,-0.2913829627994546,2
2.148858402289968,-0.2177140770489732,1.0880663180808186,-0.1987166773751925,0
-1.6189770298781507,0.4403756574742223,0.5218507190864727,0.0092242787492632,1
0.3579369374383142,-0.5671150677137562,1.120658224518335,0.0987637517758348,2
-0.8548851434046085,-0.7080389995811035,-1.7408042297870678,0.704654823994872,0
2.6630148077061544,0.4833822855163295,-0.3919025396623366,-0.154975573445794,2
-0.4829853789839992,-0.903743132764432,0.8096869210959854,-0.3758601827003455,2
-0.7059532661235024,0.5609415685176287,0.1989623785790669,0.063376926215525,1
-1.1604791465513715,0.0831871777916496,-1.0298543908349396,0.5009482541586784,1
-0.0178961239793373,-0.2322607662383601,-0.6025450157476895,-0.4244579749069594,0
-0.986675951636544,1.012009246423662,-0.1613959914327631,-0.4067237613736025,1
1.2834565469175738,3.360384394104361,0.0358895740263811,1.4246006403825089,2
-1.301786664046821,0.2310235417688705,0.4540440313271007,0.4409823947673106,1
-1.6893658383137082,-1.796462671321787,1.332488763253926,-0.159332039160935,1
-0.978137656991978,1.4528894343529577,0.1436374450664384,0.400643931779552,2
-0.7376624498122966,0.3908015347101981,0.1536119562108032,0.7705850272605527,2
-0.8594400656127306,0.6894469228593011,0.1604357589286118,0.213399732707943,1
2.450204780987884,0.3659547015242517,-0.6571929792904145,-0.0452231716328734,2
-1.075966517611613,1.2539077622771884,0.4368680798260131,-0.6778138932174043,2
3.094117702476252,-0.92927344761263,-0.644463624454648,-1.2827198381941516,0
-1.2803132354238111,1.840475758088301,0.6323390005475025,0.3731141622082972,2
1.3513744330049065,0.98198647783044,-0.4081071154666762,-0.6152070515746686,2
-1.597206725984616,-0.0762662020047564,0.0678120948793726,-1.0127803435808724,1
-1.1777231044959755,0.9091352867680936,0.0601382774782642,0.758677501860623,1
-2.0301047591738866,-2.136464526320678,3.5352317866687475,3.655114221619408,0
-0.5822879038999417,0.7710421809833481,0.9565526625569654,1.120761827274415,2
1.5809786874872207,-1.5793693045393578,1.2006420905444322,0.105110796244065,0
1.6008593086529943,-0.2973747359789462,0.6560693524330694,-0.1683596789281522,0
1.3953793312127538,-1.736293828563826,1.4468108125290138,0.1344468451109017,0
1.7711792335730776,-1.8131932836906253,-1.7298045977024197,1.568159684069265,0
-1.5955004517231708,-0.463953490409285,0.2449336591930222,0.4710485212973361,1
0.7439963317781038,-1.7478662791248176,-0.0226954317567048,0.0954938130664342,0
1.6828348818535843,0.0924346582240186,0.106880325579062,0.780330112783624,2
1.2823480487247731,1.016878862084633,-0.872617989959998,0.0483231630242656,2
-0.4823037837749988,-0.4047031015406921,0.2538944310482034,0.098872779770603,2
2.2240368372643675,-0.0454285569915656,-0.8947993401364601,0.6935900523354255,2
-1.4634333440748115,-0.1098687526024795,0.7422681434301915,0.0226826850618224,1
2.541648551992536,-0.0005285919784354,0.9111324024249864,0.583234662263601,2
-1.8662323812317896,-1.8080231551572885,0.7126665573652113,0.5056027555657886,1
2.370800349347409,-2.3386769107800385,1.4576373621730043,0.319422019892483,0
0.1822826243151707,1.529517019915384,0.2024212850459421,0.3529562057772189,2
-1.56465212475644,-3.091903186797435,0.9112730415498432,0.280386799056094,1
-4.869545237035304,0.5258148628781035,0.3295947973552707,-0.5242286773461585,1
1.268678644242755,-4.15805959498457,0.7965519684143884,0.9032062084834586,0
0.4402571944434194,0.7211263281211775,1.8822845968627784,1.095426164484649,2
-0.2548192627554617,-1.3804179171707638,1.1221712266008343,-0.3388677980923913,2
-0.9354381371382592,0.5512162109731429,-0.5791203048105986,-0.0213039474487699,1
-2.346527610644302,-0.6074329309429807,0.2665066994800702,-0.1865672819486312,1
-1.051580865808108,-0.9429702538630688,0.7399896989953602,-0.4003775851928646,2
-0.4138354249809376,-1.6029412022618132,-0.3139442437402377,-0.9737659197795284,0
-1.4193155029760822,-0.8345569132077709,0.3779230847498013,0.0390952286695647,1
1.3447366255879392,0.4933818173563663,0.5934404254934719,-0.0672576116613123,2
-1.283199278254176,-0.155180347700722,-0.1894408885025437,-0.3123837212626247,1
-2.278028420741106,-0.6824597543603711,0.2807354961781925,0.0792697891868805,1
-1.7395633043756664,0.4872251133681263,-0.3544168270405596,-0.3463169867415373,1
-3.2540125458387044,-0.689088074931938,0.1988482492723709,-0.371929682934396,1
-0.0083739970360479,1.1752513688500112,-0.1782278156351936,-0.950923135183242,2
-1.0766453157867997,1.200904606940907,-0.3694838512760796,0.5511970975791105,1
-0.3422784787594498,0.3659967114654426,1.440909298820226,-0.7884990086435371,2
0.9617557638509682,0.9680937100577408,0.1964346069139672,-0.5411991139652187,2
-1.0904027604903543,-0.046141024680944,0.1850912898834387,-0.1285819493462738,1
-1.6336232795378676,-1.5012615551328323,-1.0157063674411193,-0.086579895894828,1
1.5637082270514504,0.6253687903953645,0.2207152799548579,1.114377969001686,2
-1.0530169614210665,0.8436070533847341,-0.2061906139443701,-1.1040833348464292,2
-1.0114557404476126,-0.776564848531127,0.9135680201561184,-1.1091115854390006,2
0.6480566578711324,-1.8436683069731408,-0.7202964252601785,-0.8704601312457493,0
-1.5511514930235644,0.4775333931086862,-1.0516450025548931,0.2324584916046888,1
-1.1448755600734482,1.2340318678985098,-0.4551167792270427,0.803140639440154,1
0.9537353413145796,1.536684413398931,-0.2280262705806617,-0.4504237105130858,2
-1.01396395584737,-0.4309920389305054,0.2701962163149065,1.1088054737671895,2
1.3628150545240698,1.6695192497914653,0.6615123942724227,0.0238424981208683,2
-1.7407081361612753,0.5419332746990226,0.2811004613593404,-0.1847680344712811,1
-0.3881091070600622,-0.3998598005985738,0.9839199704841126,0.5623742130422937,2
-1.3571852325010474,0.68983862512375,-0.0972584079550376,-0.4693191341549907,1
-2.0355222414330365,-0.1328340312649415,-0.1396528068254464,-0.1633171841467395,1
-1.573106885563567,0.4009353627674383,0.0831903277738475,0.1288051461517522,1
-1.5650523619198318,0.374669972874791,0.7238065121729169,0.7266154054973997,1
-0.9223499520372808,-0.1526438629392096,1.2080163031681164,-0.4352310545705529,2
-0.4256808608301161,-1.336927955841155,1.235739760192499,0.2518132089244546,2
-0.297251243964106,1.4843284382033908,-0.5169725759502907,0.6244979150629618,2
-1.582051527264133,-0.0688774067444855,-0.2666402885310539,-0.3071576381343273,1
-1.4285973652155546,-0.0282506276544627,-0.5354397993727605,0.3783004432950608,1
1.560591813790792,0.6588055243854758,0.3816549006857745,0.3781948544533443,2
-2.0219733886968023,0.9567103461187144,0.1666310340665482,0.4891016251011891,1
-2.833832291163903,0.333137732639181,-0.3196627031470406,0.5450588802834291,1
-2.0778353823630464,-0.2752436471119666,-0.2215604471653796,-0.1650490109849739,1
-1.9334112799344767,0.2924720043586304,0.724782223565203,0.3088803761930991,1
-1.416892893461152,2.0368269605627822,0.1853600570199683,0.4441606295830654,2
-1.233739803252976,-0.4131475022087186,-0.5942657987061983,-1.60890161413362,1
0.4770957319668484,-0.8111169349318232,-1.1813730234548143,-1.654183906802948,0
-0.1939347090655477,0.92148427202436,-0.5269789493269819,0.3328338521080514,2
-1.5922254683750336,-0.2257759926144579,-0.1704953990811746,0.1646780128779153,1
0.0365912767554715,1.5515454001308813,-0.5893358060707155,0.6988170852552913,2
1.9517474214983304,0.2920713406320502,-0.797819798199567,0.7483299312179865,2
0.4301633075083019,-0.2072966203260688,-0.7707671003036681,0.2865683691466225,0
0.6970085094621633,1.087990266431265,0.7576458850598945,-0.2658564289796233,2
0.1389653403497761,0.2665298847117446,0.4115620810160642,-0.2934894898397672,2
-0.2609753400039779,0.3408920704970339,1.6249364718053223,-0.1915020807843364,2
1.0985924932938622,-3.99758737276117,0.1666022064272017,0.511925328701769,0
0.3114378245335095,1.5623493939188915,0.6165124692710907,1.3567545794943168,2
-0.6498796563298803,0.1201919680506405,-0.522132917714976,1.068982177801818,2
1.1670416816608613,0.5209248828924591,0.1072069072300166,-0.0774078580158649,2
1.807772677278613,-0.2450520261191393,-0.130042404762385,-0.0560359312111229,2
1.3489771015972811,-0.6058933339072313,-0.0180362566207156,-0.7134763711456348,0
2.2501243058198592,-1.991356611593188,0.5392521862717733,-0.4820684187673131,0
0.0405361910879241,0.0150365744037176,0.2410111466710016,-0.8507021114869183,2
1.974452880216508,-1.797510996351454,0.1362305675192649,-2.3337084251754177,0
1.0631087717477048,0.5594170325960812,-0.2382676288928907,-0.632562726649413,2
-0.4518529940547748,0.3808772855290476,-0.3105171062947481,-1.0064490149560583,2
0.2097807182051679,0.1771675481441128,-0.629713042783386,-0.4628813657508267,2
0.629508009196495,-0.3875965810690441,-1.3316202581839662,-0.2047829094323265,0
-1.2941889134917774,1.7212355105611798,0.5302889669799781,0.8422941762757101,2
1.6655962244008673,1.0536090829348188,-0.2553344911281056,0.2217802404088066,2
0.3575051576914005,2.09943371084277,-0.5664486928994549,0.8750221307165734,2
0.1604260215515379,-0.405355701818316,-0.2485791872458003,0.7572346496321406,0
-0.6815526866342553,-0.957692149529746,0.9126110171489394,-2.717345141559112,1
0.6599715113742466,-0.2420518619716961,0.8471271269998742,-0.5632110049024699,2
0.2889275313148349,1.4494600587131412,0.0876734988319033,1.144950687831159,2
-0.4107703054109567,-0.7232885518952009,-0.8699923926570394,-1.3052384893756528,0
-0.7218512982963082,-0.153285507505892,1.0836199901702206,0.0840278077212821,2
0.6947438552818327,0.0455374827739482,-0.5752686703239691,-0.7113043402248846,2
0.5922014126327266,2.2711296753363466,-0.1916606680536378,0.6627076459561086,2
-2.1532243008896548,1.697280490461882,0.3284972822108088,-0.5247442234127073,2
2.852576767604038,0.1946000230899156,-0.5243573089343124,-0.8801484900164191,2
-1.0117667920942912,0.4527845453310758,0.6604578751679175,-0.8298864035325245,2
-0.915640892559807,-2.918261077423315,-0.9249211044872884,-1.0532505030673571,0
